moda,id_prasarana,nama_prasarana,provinsi,tipe,jumlah_hari_lapor,total_penumpang,total_armada
ASDP,3719,Ulee Lheu,D.I Aceh,,268,293154,851
ASDP,737,Ciwandan,Banten,,17,215253,654
ASDP,3482,Bau Bau,Sulawesi Tenggara,,168,163134,1022
ASDP,3173,Labuan,Sulawesi Tenggara,,113,40880,751
ASDP,3275,Rupat,Riau,,22,34447,256
ASDP,3584,Mengkapan,Riau,,121,25219,185
ASDP,3485,Bawean,Jawa Timur,,101,25195,105
ASDP,3404,Paciran,Jawa Timur,,94,23472,112
ASDP,3521,Juata Tarakan,Kalimantan Utara,,186,23447,255
ASDP,3674,Singkil,D.I Aceh,,100,21743,175
ASDP,4187,Padang,Sumatera Barat,,118,19485,165
ASDP,3968,Siwa,Sulawesi Selatan,,44,18027,122
ASDP,2768,Simanindo,Sumatera Utara,,20,17909,422
ASDP,2912,Tanjung Selor,Kalimantan Utara,,19,17083,348
ASDP,2981,Tigaras,Sumatera Utara,,21,15640,315
ASDP,3818,Labuhan Haji,D.I Aceh,,45,13465,44
ASDP,3902,Pulau Banyak,D.I Aceh,,118,12150,126
ASDP,3401,Mamuju,Sulawesi Barat,,59,10715,62
ASDP,4272,BBJ Bojonegara,Banten,,24,10276,350
ASDP,3311,Tobaku,Sulawesi Tenggara,,17,9664,58
ASDP,4073,Onan Runggu,Sumatera Utara,,43,8257,128
ASDP,3944,Sebuku,Kalimantan Selatan,,87,7651,88
ASDP,3713,Tua,Sumatera Barat,,91,6707,122
ASDP,4064,Muara,Sumatera Barat,,20,6548,81
ASDP,3155,Kolonodale,Sulawesi Tengah,,21,6338,20
ASDP,3449,Kalianget,Jawa Timur,,20,6021,30
ASDP,3371,Tampo,Sulawesi Tenggara,,23,5923,86
ASDP,3341,Baturube,Sulawesi Tengah,,21,5575,18
ASDP,4097,Sipinggan,Sumatera Utara,,29,5026,101
ASDP,3158,Salakan (Saiyong),Sulawesi Tengah,,21,4849,14
ASDP,3170,Kamaru,Sulawesi Tenggara,,91,4585,104
ASDP,3878,Nusa Penida,Bali,,3,4543,2
ASDP,3572,Marisa,Gorontalo,,270,4131,63
ASDP,2432,Malinau (PP),Kalimantan Utara,,34,3877,112
ASDP,4247,Sabutung,Sulawesi Selatan,,137,3723,237
ASDP,4345,Letung,Kepulauan Riau,,57,3622,41
ASDP,3677,Sintete,Kalimantan Barat,,84,3156,40
ASDP,2651,Pulau Bunyu,Kalimantan Utara,,17,2921,90
ASDP,2525,Nunukan,Kalimantan Utara,,20,2716,58
ASDP,3380,Boniton,Sulawesi Tengah,,21,2661,14
ASDP,3755,Batanta,Papua Barat,,34,2442,48
ASDP,4196,Kur,Maluku,,33,2187,44
ASDP,3278,Langara,Sulawesi Tenggara,,19,2186,15
ASDP,3932,Salawati,Papua Barat,,36,2048,30
ASDP,4139,Pulau Baai,Bengkulu,,53,2041,28
ASDP,3257,Dongkala,Sulawesi Tenggara,,22,1545,18
ASDP,3896,Pattumbukan,Sulawesi Selatan,,20,1409,6
ASDP,3284,Wakai,Sulawesi Tengah,,21,1380,9
ASDP,3134,Folley,Papua Barat Daya,,36,1349,31
ASDP,4214,Tanjung Rhu,Sulawesi Selatan,,25,1252,31
ASDP,3527,Kangean,Jawa Timur,,10,1070,8
ASDP,3335,Ampana,Sulawesi Tengah,,21,984,7
ASDP,3176,Mawasangka,Sulawesi Tenggara,,32,897,21
ASDP,3188,Tuapeijat,Sumatera Barat,,22,832,11
ASDP,3179,Pure,Sulawesi Tenggara,,11,769,13
ASDP,3290,Sadai,Kepulauan Bangka Belitung,,21,746,15
ASDP,3302,Siberut,Sumatera Barat,,22,631,10
ASDP,3299,Sikakap,Sumatera Barat,,23,630,8
ASDP,3947,SEDANAU,Kepulauan Riau,,44,581,29
ASDP,3350,Kadatua,Sulawesi Tenggara,,79,475,81
ASDP,3836,Lembeh,Sulawesi Utara,,22,455,66
ASDP,4010,Waigeo (Raja Ampat),Papua Barat,,12,287,6
ASDP,3272,Tomia,Sulawesi Tenggara,,17,275,6
ASDP,3305,Sikabaluan,Sumatera Barat,,24,265,3
ASDP,3560,Likupang,Sulawesi Utara,,19,255,9
ASDP,3938,Saparua,Maluku,,8,226,2
ASDP,3830,Larat,Maluku,,6,222,4
ASDP,3374,Tondasi,Sulawesi Tenggara,,7,212,2
ASDP,3239,Wanci,Sulawesi Tenggara,,16,175,5
ASDP,3827,Lamteng,D.I Aceh,,10,173,6
ASDP,3326,Pulau Tello,Sumatera Utara,,8,170,10
ASDP,3602,Pananaru,Sulawesi Utara,,24,94,18
ASDP,3956,Siau,Sulawesi Utara,,6,43,3
ASDP,3587,Merampa,Papua,,1,39,1
ASDP,3761,Biaro,Sulawesi Utara,,9,32,7
ASDP,3746,Amurang,Sulawesi Utara,,15,17,4
ASDP,3758,Benjina,Maluku,,7,15,1
ASDP,3920,RAIJUA,Nusa Tenggara Timur,,4,15,1
ASDP,2510,Musi,Sulawesi Utara,,6,10,2
ASDP,3977,Tagulandang,Sulawesi Utara,,5,6,1
ASDP,3824,Lamerang,Maluku,,7,3,1
ASDP,3812,Kesui,Maluku,,9,2,1
ASDP,2039,Danau Sipin,Jambi,,1,0,0
ASDP,3062,Waduk Sermo,D.I Yogyakarta,,1,0,0
ASDP,3320,Marapokot,Nusa Tenggara Timur,,6,0,0
ASDP,3332,Kampung Balak,Riau,,7,0,0
ASDP,3392,Kelapa Lima,Papua,,1,0,0
ASDP,3416,Naikliu,Nusa Tenggara Timur,,5,0,0
ASDP,3425,Nangakeo,Nusa Tenggara Timur,,152,0,0
ASDP,3434,Ndao,Nusa Tenggara Timur,,21,0,0
ASDP,3440,Waikelo,Nusa Tenggara Timur,,19,0,0
ASDP,3443,Lewoleba,Nusa Tenggara Timur,,6,0,0
ASDP,3455,Amahai,Maluku,,11,0,0
ASDP,3542,Kisar,Maluku,,15,0,0
ASDP,3581,Melonguane,Sulawesi Utara,,13,0,0
ASDP,3590,Miangas,Sulawesi Utara,,13,0,0
ASDP,3632,Sapeken,Jawa Timur,,27,0,0
ASDP,3641,Saumlaki,Maluku,,7,0,0
ASDP,3647,Sei Jepun,Kalimantan Utara,,1,0,0
ASDP,3764,Bias Munjul,Bali,,6,0,0
ASDP,3782,Gorom,Maluku,,15,0,0
ASDP,3791,Ilwaki,Maluku,,15,0,0
ASDP,3797,KABARUAN,Sulawesi Utara,,5,0,0
ASDP,3800,Kabuena,Papua,,1,0,0
ASDP,3806,Kawaluso,Sulawesi Utara,,16,0,2
ASDP,3821,Lakor,Maluku,,6,0,0
ASDP,3845,Letwurung,Maluku,,7,0,0
ASDP,3857,Marampit,Sulawesi Utara,,13,0,0
ASDP,3866,Meulaboh,D.I Aceh,,6,0,0
ASDP,3875,Nusa Laut,Maluku,,6,0,0
ASDP,3887,Pamana,Nusa Tenggara Timur,,6,0,0
ASDP,3950,Sei Selari,Riau,,2,0,0
ASDP,3992,Teluk Bara,Maluku,,13,0,0
ASDP,3995,Teluk Gurita,Nusa Tenggara Timur,,12,0,10
ASDP,4007,Wahai,Maluku,,14,0,0
ASDP,4013,WAILEY,Maluku,,5,0,0
ASDP,4016,Waisala,Maluku,,14,0,0
ASDP,4028,Wunlah,Maluku,,13,0,0
BUS,B1303,Jatisrono,Jawa Tengah,B,257,178617,20745
BUS,B1297,Ginte,Nusa Tenggara Barat,B,269,146306,7572
BUS,B1344,Sungai Kunjang,Kalimantan Timur,B,272,113840,14290
BUS,B1782,Dukuhsalam,Jawa Tengah,C,265,67398,3803
BUS,B1329,Penggung,Jawa Tengah,B,257,67361,4315
BUS,B1450,st. Hall,Jawa Barat,B,195,38734,17117
BUS,B1316,Lempake,Kalimantan Timur,B,178,33196,1790
BUS,B648,Jombor,D.I Yogyakarta,B,127,22198,3247
BUS,B1008,Kajen,Jawa Tengah,B,190,20357,3950
BUS,B1338,Ronggo Sukowati,Jawa Timur,B,11,15496,2396
BUS,B1354,Untung Suropati,Jawa Timur,B,17,13819,2258
BUS,B1795,Kota Tanah Grogot,Kalimantan Timur,B,267,8936,2076
BUS,B1293,Bukit Surungan,Sumatera Barat,B,17,8588,711
BUS,B1349,Tegalgede,Jawa Tengah,B,38,7242,470
BUS,B1323,Ngadirajo,Jawa Timur,B,242,7009,1357
BUS,B794,Gagak Rimang,Jawa Tengah,B,270,6502,3187
BUS,B1286,Baturetno,Jawa Tengah,B,18,5232,350
BUS,B1321,Madureso,Jawa Tengah,B,13,4078,459
BUS,B1350,Temayang,Jawa Timur,B,17,2821,132
BUS,B1372,Sangatta,Kalimantan Timur,B,13,2783,127
BUS,B1292,Bontang,Kalimantan Timur,B,13,2338,109
BUS,B1295,Drs. Prayitno,Jawa Tengah,B,17,2183,279
BUS,B1438,Induk Mulyojati,Lampung,B,27,1970,213
BUS,B1336,Renteng,Nusa Tenggara Barat,B,72,1615,138
BUS,B1309,KM 32 Indralaya,Sumatera Selatan,B,19,1468,86
BUS,B1300,Hamid Rusdi,Jawa Timur,C,19,1345,65
BUS,B1325,Palabuhanratu,Jawa Barat,B,8,1132,388
BUS,B1454,Cikarang,Jawa Barat,B,3,1024,289
BUS,B1312,Kutoarjo (TTB),Jawa Tengah,B,7,911,131
BUS,B1683,Rinding Berau,Kalimantan Timur,B,38,891,77
BUS,B1285,Batu,Jawa Timur,B,2,736,41
BUS,B1289,Bintoro,Jawa Tengah,B,6,691,54
BUS,B1787,BSD,Banten,C,6,647,42
BUS,B1368,Sumber,Jawa Barat,B,14,614,430
BUS,B1305,Kartosuro,Jawa Tengah,B,2,432,38
BUS,B1311,Koto Nan Ampek,Sumatera Barat,B,14,335,80
BUS,B1371,Cappabungayya,Sulawesi Selatan,B,2,234,51
BUS,B1361,Kepuhsari,Jawa Timur,B,5,206,21
BUS,B967,Sanggu,Kalimantan Tengah,B,16,155,41
BUS,B997,Banyuputih,Jawa Tengah,B,5,148,29
BUS,B1770,Semin,D.I Yogyakarta,C,8,140,83
BUS,B1035,Limboto,Gorontalo,B,13,138,29
BUS,B1282,Anjuk Ladang,Jawa Timur,B,2,51,2
BUS,B1867,Kongsi,Jawa Tengah,C,2,32,8
BUS,B465,Malang,Jawa Timur,C,1,22,1
BUS,B1330,Petanang,Sumatera Selatan,B,1,13,1
BUS,B1328,Penggaron,Jawa Tengah,B,8,12,50
BUS,B1460,Depok,Jawa Barat,C,1,5,1
BUS,B1618,Kasipute,Sulawesi Tenggara,C,1,5,1
BUS,B1281,Ambulu,Jawa Timur,B,1,4,1
BUS,B1496,Wonosari,D.I Yogyakarta,C,1,4,1
BUS,B1891,Serongga,Kalimantan Selatan,C,1,4,2
BUS,B953,Sinabang,D.I Aceh,C,1,0,1
