tanggal,pnp_UDARA,pnp_KA,pnp_BUS,pnp_ASDP,pnp_LAUT,TOTAL_PENUMPANG,arm_UDARA,arm_KA,arm_BUS,arm_ASDP,arm_LAUT,TOTAL_ARMADA
2025-01-01,452719,365884,346335,137234,127028,1429200,3406,6657,33044,894,2203,46204
2025-01-02,511181,354396,364493,152256,168327,1550653,4366,6587,34481,950,2551,48935
2025-01-03,549115,343096,372046,159297,158565,1582119,4556,6615,34556,952,2527,49206
2025-01-04,506378,348938,373195,158746,142181,1529438,4326,6626,33813,913,2456,48134
2025-01-05,568686,375682,295497,134742,190297,1564904,4091,6761,22373,753,2396,36374
2025-01-06,495211,274314,302217,115651,161500,1348893,4485,6415,25340,1106,2779,40125
2025-01-07,454053,250778,274633,120117,133651,1233232,4210,6469,24776,1141,2607,39203
2025-01-08,455242,246702,260813,126831,127104,1216692,4215,6447,24214,1126,2529,38531
2025-01-09,435507,234046,255793,123536,110726,1159608,4124,6365,24160,1136,2414,38199
2025-01-10,459671,320330,256874,129358,150221,1316454,4349,6753,23675,1184,2278,38239
2025-01-11,427562,289404,260646,115822,146590,1240024,4061,6699,24025,1070,2349,38204
2025-01-12,491704,351552,282484,78906,144799,1349445,3780,6857,24944,956,2200,38737
2025-01-13,439506,260710,264983,100844,126580,1192623,4342,6437,25303,1012,2267,39361
2025-01-14,401668,234832,210050,64937,124888,1036375,3958,6291,21142,961,2288,34640
2025-01-15,443120,248228,234273,60354,126440,1112415,4162,6311,22825,977,2331,36606
2025-01-16,434810,259092,227723,66490,127855,1115970,4115,6411,22549,1013,2330,36418
2025-01-17,452383,316668,237740,64994,123383,1195168,4270,6610,22882,1033,2289,37084
2025-01-18,424801,283630,244896,61088,133911,1148326,3947,6557,22917,981,2313,36715
2025-01-19,468737,334798,255310,60376,133509,1252730,3572,6737,23863,1017,2258,37447
2025-01-20,434072,264502,239491,98806,123926,1160797,4185,6422,23059,1066,2304,37036
2025-01-21,394068,234316,220864,92309,94971,1036528,3885,6239,22077,1103,2381,35685
2025-01-22,448050,253666,213761,76566,126466,1118509,4156,6236,21757,897,2426,35472
2025-01-23,464220,295462,225584,96049,113998,1195313,4078,6485,22055,1182,2331,36131
2025-01-24,548759,411298,244246,115067,147350,1466720,4605,6914,21873,1178,2387,36957
2025-01-25,550488,456552,320305,180200,173433,1680978,4403,7028,25282,1263,2532,40508
2025-01-26,519591,425296,290700,160624,171709,1567920,3782,6906,23128,1211,2554,37581
2025-01-27,462829,417414,284585,134361,175270,1474459,4114,6820,24327,1196,2689,39146
2025-01-28,493915,399328,198922,130173,155336,1377674,4617,6804,17529,1190,2402,32542
2025-01-29,500467,442012,257852,146883,162594,1509808,4227,6987,20867,1145,2527,35753
2025-01-30,433660,326182,152637,112141,157101,1181721,4073,6624,13230,1120,2485,27532
2025-01-31,423549,317148,144885,97496,150207,1133285,4089,6451,13705,1117,2469,27831
2025-02-01,434500,314024,69987,122249,139557,1080317,3853,7018,7461,1155,2545,22032
2025-02-02,524878,368676,63143,128066,152829,1237592,3734,7110,6344,1111,2330,20629
2025-02-03,451031,284690,46778,85324,125548,993371,4192,6742,5356,948,2318,19556
2025-02-04,417985,251982,32482,95627,124785,922861,3739,6701,3781,1033,2320,17574
2025-02-05,440982,265674,84801,97572,121298,1010327,3975,6765,9064,1089,2292,23185
2025-02-06,430163,289851,182791,94754,112231,1109790,3939,6888,18076,1091,2249,32243
2025-02-07,458222,353538,172757,98723,125462,1208702,4211,7103,17129,1125,2205,31773
2025-02-08,423424,328913,221479,100481,128996,1203293,3765,7079,20810,1125,2279,35058
2025-02-09,481938,391972,254722,103238,132577,1364447,3612,7223,22434,1105,2226,36600
2025-02-10,428326,293791,210624,91918,106578,1131237,3991,6953,20023,1080,2080,34127
2025-02-11,339785,249822,212209,95789,106465,1004070,3538,6824,20275,1086,2107,33830
2025-02-12,429199,259320,185723,94162,102079,1070483,3964,6941,18587,1082,2177,32751
2025-02-13,429924,284590,208699,100374,117074,1140661,3962,6991,20825,1150,2437,35365
2025-02-14,466904,356207,203245,104242,122594,1253192,4262,7188,19983,1079,2415,34927
2025-02-15,439000,328815,114920,89822,51920,1024477,3772,7234,11677,707,901,24291
2025-02-16,502997,397778,144351,122488,111414,1279028,3658,7411,13054,1183,2236,27542
2025-02-17,532106,295532,214153,98086,204693,1344570,4682,7081,20134,1165,2320,35382
2025-02-18,493560,255658,191302,98290,108724,1147534,4511,6967,19378,1179,2287,34322
2025-02-19,461027,264760,182273,117632,118126,1143818,3968,6990,18327,1246,2358,32889
2025-02-20,463961,297290,203037,124098,117861,1206247,4172,7087,20247,1258,2431,35195
2025-02-21,498090,362442,187567,136427,132674,1317200,4351,7264,18332,1265,2400,33612
2025-02-22,447394,334148,220311,133932,134655,1270440,3837,7300,21343,1252,2484,36216
2025-02-23,501356,398760,260220,138304,138955,1437595,3629,7445,22334,1171,2437,37016
2025-02-24,449864,305646,234624,124664,121878,1236676,4071,7123,22066,1199,2480,36939
2025-02-25,411180,276194,211953,120008,121195,1140530,3787,7091,20889,1214,2496,35477
2025-02-26,405946,310484,239169,131933,122922,1210454,3826,7142,22320,1236,2404,36928
2025-02-27,544463,347616,253840,130469,131500,1407888,3810,7278,22114,1179,2450,36831
2025-02-28,450167,369364,219691,128253,121812,1289287,4180,7489,19952,1226,2441,35288
2025-03-01,335799,218688,185949,102735,90119,933290,3293,6861,16840,1216,2283,30493
2025-03-02,351073,315000,205709,113234,108121,1093137,2939,7162,19285,1236,2268,32890
2025-03-03,323019,232636,210461,101383,104626,972125,3512,6915,20545,1198,2367,34537
2025-03-04,287674,185880,197492,94344,103222,868612,3279,6240,20374,1187,2363,33443
2025-03-05,285949,200934,194744,86517,106303,874447,3446,6791,20363,1184,2297,34081
2025-03-06,298376,179600,191492,92896,106299,868663,3385,6726,20228,1247,2447,34033
2025-03-07,323820,238756,188283,55536,105663,912058,3704,7006,19453,841,2416,33420
2025-03-08,294431,196642,196964,46701,108420,843158,3377,6865,21044,711,2343,34340
2025-03-09,332524,262142,202082,43979,109713,950440,3068,7074,20301,691,2326,33460
2025-03-10,314928,195982,160013,39540,90185,800648,3583,6814,17268,737,2205,30607
2025-03-11,279082,163154,127196,30896,93380,693708,3435,6712,14725,663,2371,27906
2025-03-12,312071,168928,135651,34527,97127,748304,3592,6713,14822,719,2383,28229
2025-03-13,276389,188756,335220,39738,101098,941201,3573,6839,36130,709,2385,49636
2025-03-14,350213,259226,156990,43355,117066,926850,4184,7013,17035,722,2379,31333
2025-03-15,332501,227566,185594,74372,130129,950162,3426,6899,19201,931,2446,32903
2025-03-16,358916,277998,172456,184676,138348,1132394,3155,7087,17323,955,2401,30921
2025-03-17,343757,215810,155227,83209,122627,920630,3818,6420,16098,1059,2403,29798
2025-03-18,324448,171998,158602,113970,118682,887700,3610,6220,16741,1211,2425,30207
2025-03-19,366873,193984,311097,123517,127250,1122721,3734,6316,32591,1150,2413,46204
2025-03-20,393875,252906,198211,140457,138273,1123722,4024,6656,19709,1233,2481,34103
2025-03-21,440788,333798,246311,173297,164316,1358510,4371,7137,22566,1440,2564,38078
2025-03-22,451856,335360,261841,214869,184555,1448481,4035,7026,23096,1483,2733,38373
2025-03-23,451676,348224,290023,252706,178797,1521426,3954,7230,24050,1527,2684,39445
2025-03-24,498606,311446,287386,236091,172088,1505617,4730,7028,24950,1504,2626,40838
2025-03-25,506724,311948,306190,253929,183262,1562053,4682,6968,25584,1534,2831,41599
2025-03-26,543993,348718,341678,298616,204815,1737820,4801,7011,27742,1620,2981,44155
2025-03-27,569987,397248,391848,321342,212508,1892933,4797,7259,28016,1613,3096,44781
2025-03-28,604768,423814,431544,345121,241467,2046714,5036,7310,28429,1410,3075,45260
2025-03-29,512849,417944,420354,255289,317488,1923924,4413,7412,27823,1069,2667,43384
2025-03-30,479799,354750,332494,207975,196108,1571126,3756,7160,24715,1336,2832,39799
2025-03-31,396361,363466,183363,174424,135938,1253552,3157,7237,14565,986,2069,28014
2025-04-01,424352,476272,316019,236576,190390,1643609,3486,7621,22096,1266,2805,37274
2025-04-02,472973,516784,360251,264834,210529,1825371,3719,7723,23929,1409,3159,39939
2025-04-03,490571,517884,393319,292315,259578,1953667,3924,7718,25516,1452,3319,41929
2025-04-04,530228,506220,410107,306531,248331,2001417,4237,7747,26104,1496,3274,42858
2025-04-05,587791,506468,480748,348204,253857,2177068,4432,7719,27991,1557,3255,44954
2025-04-06,637661,518212,516666,396357,267036,2335932,4196,7765,28308,1522,3164,44955
2025-04-07,640087,503354,511476,351042,244599,2250558,4859,7789,29179,1535,3053,46415
2025-04-08,561381,423998,439012,268634,198574,1891599,4611,7520,27683,1489,2857,44160
2025-04-09,541006,369458,370618,225006,175787,1681875,4573,7320,25406,1438,2708,41445
2025-04-10,534530,350270,355071,217083,156735,1613689,4695,7269,25738,1374,2822,41898
2025-04-11,538687,370752,302746,210178,127954,1550317,4634,6930,22404,1317,2413,37698
2025-04-12,531273,341170,333568,213395,170285,1589691,4542,6731,25228,1371,2781,40653
2025-04-13,563608,371764,357799,209973,158133,1661277,4137,6803,26155,1309,2602,41006
2025-04-14,489169,287038,343444,176691,92250,1388592,4839,6128,26729,1325,2461,41482
2025-04-15,492162,251616,307227,158939,80387,1290331,4639,5922,25193,1270,2625,39649
2025-04-16,497720,263896,296137,153621,88914,1300288,4696,5871,24796,1259,2758,39380
2025-04-17,508512,365466,303099,166059,92284,1435420,4600,6311,24881,1255,2841,39888
2025-04-18,491247,321546,300744,170470,95762,1379769,4374,6277,24851,1257,2661,39420
2025-04-19,421619,283218,282692,136734,91161,1215424,4131,6252,24219,1305,2886,38793
2025-04-20,512917,395814,313511,152515,113330,1488087,3975,6475,24726,1281,2665,39122
2025-04-21,487431,280966,296559,137108,85843,1287907,4474,5943,25006,1263,2742,39428
2025-04-22,444603,227244,253747,120366,82465,1128425,4267,5820,23614,1261,2737,37699
2025-04-23,457801,231752,258575,122617,79534,1150279,4398,5824,23376,1189,2505,37292
2025-04-24,463280,256066,253799,127880,84106,1185131,4380,5866,22786,1225,2782,37039
2025-04-25,478244,305574,254956,127892,81191,1247857,4545,6070,22719,1248,2814,37396
2025-04-26,431814,273676,267348,126760,82368,1181966,4078,6009,23278,1265,2779,37409
2025-04-27,469342,331780,288658,136523,103457,1329760,3679,6132,24897,1246,2723,38677
2025-04-28,432808,250910,266897,119928,81206,1151749,4334,5903,24233,1245,2761,38476
2025-04-29,397682,217976,261632,122051,72891,1072232,4041,5794,24992,1219,2725,38771
2025-04-30,446222,288564,262810,116008,85162,1198766,4258,5929,24234,1204,3008,38633
2025-05-01,431483,266544,270900,132649,88137,1189713,4069,5969,24151,1236,2946,38371
2025-05-02,378221,267802,262010,100721,172643,1181397,3898,6015,24408,1157,3132,38610
2025-05-03,383309,259998,276017,109990,134760,1164074,3864,5984,24518,1165,2863,38394
2025-05-04,404439,346060,297837,124229,146775,1319340,3679,6155,25373,1161,2896,39264
2025-05-05,423959,250246,271251,114687,126024,1186167,4169,5855,24821,1131,2934,38910
2025-05-06,395766,214674,239857,116855,136409,1103561,4154,5767,22657,1157,2807,36542
2025-05-07,433616,227818,251824,111510,132114,1156882,4270,5777,23862,1147,2770,37826
2025-05-08,441274,266338,240724,115541,126878,1190755,4453,5982,23502,1087,2837,37861
2025-05-09,466056,384326,287345,125146,146504,1409377,4560,6285,24909,1093,2850,39697
2025-05-10,467328,410726,317401,152400,155383,1503238,4322,6360,25895,1136,3057,40770
2025-05-11,413391,335140,269190,148585,142000,1308306,3519,6311,23371,1152,2955,37308
2025-05-12,420997,385972,214684,144006,77056,1242715,4172,6321,23836,1169,1302,36800
2025-05-13,469375,398874,318867,144172,140238,1471526,4253,6426,26358,1140,2841,41018
2025-05-14,438126,260722,265498,110450,125603,1200399,4152,5848,24205,1131,2922,38258
2025-05-15,387854,230752,236864,109552,118245,1083267,3946,5810,22935,1141,2967,36799
2025-05-16,407807,265944,248449,115708,120993,1158901,4148,5923,25428,1191,2899,39589
2025-05-17,391354,235750,260913,114111,117467,1119595,3841,5864,23711,1167,2963,37546
2025-05-18,432778,291224,287576,123233,116921,1251732,3508,6048,24994,1154,2788,38492
2025-05-19,411469,222408,265001,106152,115675,1120705,4215,5756,24529,1138,2855,38493
2025-05-20,324825,196756,232758,102672,107283,964294,3692,5701,23194,1191,2813,36591
2025-05-21,408643,205314,222703,100621,112507,1049788,4085,5739,22224,1166,2853,36067
2025-05-22,476509,219926,236515,105375,109487,1147812,4779,5842,22946,1160,2891,37618
2025-05-23,428702,277222,245124,99465,123658,1174171,4290,5900,23035,1178,2921,37324
2025-05-24,409851,246428,262387,115322,117602,1151590,3954,5885,24189,1149,2963,38140
2025-05-25,596372,293378,286895,109427,118547,1404619,3583,6039,24994,1139,2814,38569
2025-05-26,409181,237372,255909,103177,110111,1115750,4034,5746,24336,1133,2970,38219
2025-05-27,379357,223372,234145,107868,103679,1048421,4049,5787,23109,1164,2966,37075
2025-05-28,460368,338052,287923,113194,119823,1319360,4432,6201,25116,1171,2981,39901
2025-05-29,471454,338620,299358,138664,130341,1378437,4230,6216,25288,1208,3105,40047
2025-05-30,391386,268196,261431,113758,125704,1160475,3734,6191,24036,1181,3019,38161
2025-05-31,384892,301652,277645,121871,131270,1217330,3640,6244,24657,1182,3050,38773
2025-06-01,468065,383366,314095,137554,134059,1437139,3676,6437,25775,1200,2879,39967
2025-06-02,415004,257418,289317,116203,117719,1195661,4097,6158,25581,1201,3064,40101
2025-06-03,377119,228878,284000,126629,123133,1139759,3883,5831,26162,1212,3029,40117
2025-06-04,420079,304082,297422,158048,136270,1315901,4086,5940,25567,1186,3032,39811
2025-06-05,467753,439982,353763,173477,124799,1559774,4339,6532,29589,1199,3029,44688
2025-06-06,370550,300926,226482,134785,106770,1139513,3625,6295,20253,1120,2540,33833
2025-06-07,328753,275342,236218,116761,122890,1079964,3553,6331,22379,1194,2972,36429
2025-06-08,410941,400066,333628,150401,143003,1438039,3366,6520,26272,1178,3022,40358
2025-06-09,480052,425760,375578,174363,147649,1603402,4302,6535,27780,1228,3124,42969
2025-06-10,445500,311506,302522,133975,128421,1321924,4150,6233,26013,1148,2997,40541
2025-06-11,433398,277430,281469,142627,139736,1274660,4028,5943,25267,1133,3019,39390
2025-06-12,438592,279408,267716,137168,160951,1283835,3933,5991,23987,1115,2999,38025
2025-06-13,466247,330184,281977,142983,170722,1392113,4270,6102,24811,1163,3015,39361
2025-06-14,449710,297062,284830,152713,147154,1331469,4007,6017,25151,1149,3052,39376
2025-06-15,503844,368792,309807,159615,153453,1495511,3664,6231,25877,1169,2977,39918
2025-06-16,487266,309420,310359,142478,138898,1388421,4373,6009,28762,1139,3104,43387
2025-06-17,444996,278004,275820,136746,151342,1286908,4083,5919,24810,1166,3119,39097
2025-06-18,414754,290342,280327,142655,152397,1280475,3945,5954,24970,1177,3148,39194
2025-06-19,496831,318482,273240,139467,158590,1386610,4300,6130,24455,1167,3107,39159
2025-06-20,512121,373124,289662,149587,160189,1484683,4490,6334,24714,1168,3075,39781
2025-06-21,493183,355850,303106,157531,152716,1462386,4168,6288,25400,1145,3209,40210
2025-06-22,478616,402742,340939,169565,170714,1562576,3796,6408,26539,1109,3176,41028
2025-06-23,453113,358954,303122,158005,170489,1443683,4455,6068,24886,1077,3230,39716
2025-06-24,427815,346206,326286,163679,165530,1429516,4376,6067,27104,1125,3243,41915
2025-06-25,462944,371908,333439,163014,174052,1505357,4636,6110,27327,1135,3106,42314
2025-06-26,486051,441540,341696,183240,171787,1624314,4757,6436,27279,1206,3228,42906
2025-06-27,553238,432474,340281,188753,190485,1705231,4556,6401,25756,1202,3323,41238
2025-06-28,503388,403722,341519,128343,171824,1548796,4397,6422,26334,1199,3426,41778
2025-06-29,498614,468256,393966,221325,183488,1765649,4036,6556,27324,1220,3345,42481
2025-06-30,445455,395466,360275,172635,162364,1536195,4667,6133,27378,1230,3343,42751
2025-07-01,381071,364694,341587,171477,150576,1409405,4627,6040,28465,1195,3201,43528
2025-07-02,469149,370228,312239,170690,164059,1486365,4588,6072,26099,1166,3278,41203
2025-07-03,456617,391424,336630,152240,161049,1497960,4730,6276,27972,1134,3310,43422
2025-07-04,523060,425888,319982,179819,170108,1618857,4746,6321,25932,1210,3321,41530
2025-07-05,458971,414958,326382,181563,167820,1549694,4359,6342,25423,1187,3365,40676
2025-07-06,475257,449514,348786,167670,175438,1616665,3989,6414,26312,1129,3264,41108
2025-07-07,460611,393664,334484,165953,169910,1524622,4812,6107,26207,1151,3331,41608
2025-07-08,452247,366274,304311,160744,171382,1454958,4728,6047,24818,1118,3244,39955
2025-07-09,537015,367892,293463,155515,162837,1516722,4795,6032,24682,1127,3140,39776
2025-07-10,468558,384630,308239,147515,167053,1475995,4670,6275,25042,1176,3172,40335
2025-07-11,481190,412384,326822,177563,170160,1568119,4787,6330,27225,1209,3250,42801
2025-07-12,475861,382940,342564,179613,168087,1549065,4686,6307,27737,1202,3307,43239
2025-07-13,476793,418372,370234,179913,173965,1619277,4026,6424,28654,1189,3257,43550
2025-07-14,443876,302024,308757,139963,146067,1340687,4743,6016,26708,1111,3294,41872
2025-07-15,412746,257232,273460,137000,151710,1232148,4630,5923,24556,1061,3181,39351
2025-07-16,435788,255582,268809,123582,148012,1231773,4522,5948,27396,998,3154,42018
2025-07-17,418993,271832,244573,135459,146303,1217160,4590,5972,23227,1128,3352,38269
2025-07-18,399684,339338,257166,135531,150679,1282398,4372,6177,23415,1152,3277,38393
2025-07-19,430448,293202,277085,142536,153106,1296377,4416,6159,25630,1148,3372,40725
2025-07-20,447880,370944,313713,146254,157136,1435927,3828,6329,26914,1139,3281,41491
2025-07-21,421637,277526,292238,127946,140253,1259600,4754,5965,27019,1144,3306,42188
2025-07-22,397434,237510,238805,119297,135911,1128957,4480,5851,23506,1136,3346,38319
2025-07-23,424248,243526,235555,120935,141601,1165865,4612,5865,23614,1138,3350,38579
2025-07-24,427477,274334,243799,121401,138468,1205479,4715,6032,23005,1090,3369,38211
2025-07-25,437620,353318,269299,128899,137926,1327062,4700,6221,24685,1129,3289,40024
2025-07-26,429583,315010,281922,136445,144406,1307366,4496,6173,26187,1106,3320,41282
2025-07-27,524630,387756,312200,144981,153345,1522912,4020,6307,27016,1124,3278,41745
2025-07-28,496456,299428,283414,124243,143646,1347187,4760,5989,26232,1138,3336,41455
2025-07-29,468457,250470,246286,124222,123343,1212778,4590,5937,26330,1043,3082,40982
2025-07-30,489117,256520,263648,119061,134740,1263086,4636,5930,25475,1048,3161,40250
2025-07-31,440477,298708,241726,123959,127996,1232866,4579,6062,23857,1113,3235,38846
2025-08-01,495949,287788,268172,129084,142610,1323603,4737,5867,23877,1126,3266,38873
2025-08-02,457736,243170,286720,140683,142708,1271017,4338,5566,25646,1161,3333,40044
2025-08-03,505155,355858,300678,152866,137269,1451826,3929,6225,25807,1142,3269,40372
2025-08-04,474300,273636,284252,129651,108343,1270182,4658,5966,25651,1145,3319,40739
2025-08-05,453436,236212,258410,125873,113641,1187572,4585,5871,24404,1126,3337,39323
2025-08-06,485660,248922,277978,120018,115343,1247921,4585,5924,26963,1145,2757,41374
2025-08-07,479525,273028,252656,119215,116417,1240841,4679,6017,23583,1104,2958,38341
2025-08-08,505178,341144,261985,140703,137888,1386898,4759,6197,24244,1146,3318,39664
2025-08-09,469982,305686,281052,143409,111136,1311265,4297,6156,25136,1154,3446,40189
2025-08-10,523736,368472,316837,151801,150433,1511279,3931,6275,34915,1139,3371,49631
2025-08-11,431287,280876,373877,131790,141869,1359699,4657,6020,54605,1103,3359,69744
2025-08-12,395055,235594,254842,121880,132497,1139868,4403,5914,24345,1100,3420,39182
2025-08-13,414341,240514,252973,124409,142196,1174433,4578,5946,25969,1122,3395,41010
2025-08-14,466923,259078,251852,126183,142686,1246722,4511,6000,23782,1166,3392,38851
2025-08-15,426249,335058,273695,134585,146210,1315797,4662,6338,27161,1118,3372,42651
2025-08-16,356074,296342,296418,139311,141347,1229492,4225,6305,35950,1162,3496,51138
2025-08-17,273887,314436,267785,128632,132619,1117359,3281,6309,25223,1138,3229,39180
2025-08-18,396613,355070,291864,136452,143575,1323574,4344,6422,25997,1179,3392,41334
2025-08-19,336001,249602,263579,121125,134349,1104656,3810,6008,24860,1115,3345,39138
2025-08-20,343445,238804,259828,123969,134370,1100416,3910,5944,25237,1164,3397,39652
2025-08-21,429270,254960,264982,129738,141204,1220154,4752,5984,26089,1127,3550,41502
2025-08-22,429998,319358,271405,133895,134792,1289448,4655,6215,24561,1154,3384,39969
2025-08-23,414396,282374,275509,135720,138222,1246221,4230,6103,28965,1173,3486,43957
2025-08-24,495702,342504,300258,144161,145996,1428621,3798,6265,26629,1135,3318,41145
2025-08-25,384525,266070,278979,126521,136949,1193044,4051,5962,25037,1169,3455,39674
2025-08-26,402709,229564,270639,124313,129094,1156319,4356,5921,26952,1126,3298,41653
2025-08-27,432935,237856,259073,125133,132594,1187591,4457,5907,24303,1075,3369,39111
2025-08-28,417063,257202,248113,130740,120895,1174013,4279,6031,23799,1086,3340,38535
2025-08-29,436698,317538,281342,136118,138498,1310194,4386,6025,31032,1117,3210,45770
2025-08-30,413361,215622,261354,140114,99144,1129595,4181,5287,24240,1163,3289,38160
2025-08-31,444870,332406,273904,149546,105453,1306179,3771,6237,24265,1132,3180,38585
2025-09-01,447236,238906,300570,127078,128661,1242451,4483,5928,31860,1158,3285,46714
2025-09-02,382141,212692,248452,127791,120694,1091770,4121,5889,23761,1203,3225,38199
2025-09-03,401900,251412,242541,133558,120869,1150280,3995,5957,22679,1157,3172,36960
2025-09-04,476914,382262,327593,156758,136720,1480247,4440,6370,27842,1111,3357,43120
2025-09-05,484259,367096,358147,191974,148677,1550153,4317,6346,29773,1145,3354,44935
2025-09-06,398792,326108,288493,150242,135843,1299478,3870,6314,25635,1186,3434,40439
2025-09-07,519394,442592,524577,199340,161373,1847276,3766,6460,34977,1206,3381,49790
2025-09-08,498668,317942,320867,151848,129527,1418852,4586,6104,26466,1156,3148,41460
2025-09-09,447832,240978,288558,130951,116667,1224986,4354,5913,32944,1162,3060,47433
2025-09-10,469645,231948,277732,129236,110479,1219040,4569,5905,27846,1108,2825,42253
2025-09-11,450554,246118,251523,135233,134439,1217867,4394,6023,24684,1123,3244,39468
2025-09-12,472014,308102,246140,116002,145104,1287362,4375,6178,22510,866,3299,37228
2025-09-13,446996,271740,274851,142586,149684,1285857,4303,6112,24653,1162,3353,39583
2025-09-14,494101,342022,383297,156587,154501,1530508,3796,6278,32142,1158,3304,46678
2025-09-15,469067,251558,258782,132177,136578,1248162,4541,5938,23315,1133,3325,38252
2025-09-16,432990,213860,226605,128406,134138,1135999,4330,5918,22585,1143,3260,37236
2025-09-17,403657,226024,304761,124372,127248,1186062,4424,5847,28411,1095,3242,43019
2025-09-18,381474,246832,237732,129713,92609,1088360,4462,6007,24223,1159,3134,38985
2025-09-19,483680,318788,417346,136079,92441,1448334,4473,6192,43030,1203,3107,58005
2025-09-20,457636,270868,265515,140870,118798,1253687,4172,6092,28893,1172,3161,43490
2025-09-21,486722,337238,276380,149638,135821,1385799,3678,6294,24652,1158,3181,38963
2025-09-22,461977,248976,272828,131028,160233,1275042,4510,5941,25160,1132,3302,40045
2025-09-23,422632,218116,274614,125959,151981,1193302,4327,5871,26335,1141,3299,40973
2025-09-24,426201,227826,242508,128753,135285,1160573,3954,5899,23641,1112,3299,37905
2025-09-25,474184,256008,249449,135396,138574,1253611,4483,6012,23650,1153,3340,38638
2025-09-26,493848,339476,298637,143216,142807,1417984,4593,6224,27427,1159,3355,42758
2025-09-27,455133,292552,251867,146053,137109,1282714,4104,6169,23460,1162,3293,38188
2025-09-28,462200,362382,332650,158188,127568,1442988,3807,6308,27288,1146,3049,41598
2025-09-29,377097,270252,246985,130787,132860,1157981,4394,5986,23301,1133,3404,38218
2025-09-30,365693,231434,446781,127562,128758,1300228,4250,5921,38921,1166,3253,53511
2025-10-01,383370,226488,250830,130222,133962,1124872,4345,6061,23712,1089,3288,38495
2025-10-02,375945,256944,233091,135835,131972,1133787,4435,6261,22746,1105,3417,37964
2025-10-03,353583,337916,370517,146506,143583,1352105,3926,6453,33071,1202,3454,48106
2025-10-04,396905,293300,471467,154319,142688,1458679,4335,6360,37134,1238,3461,52528
2025-10-05,437564,376056,441380,164172,141619,1560791,3841,6647,35600,1203,3288,50579
2025-10-06,406183,272564,357727,140555,140626,1317655,4788,6144,33771,1183,3465,49351
2025-10-07,369393,228836,255487,131438,96254,1081408,4456,6091,24337,1144,2634,38662
2025-10-08,430780,234644,270859,131935,148332,1216550,4476,6093,24628,1171,3431,39799
2025-10-09,398704,268316,246066,135834,131831,1180751,4718,6253,23812,1116,3292,39191
2025-10-10,317565,342736,341880,147006,142616,1291803,4880,6486,31223,1135,3330,47054
2025-10-11,390001,300476,315053,150409,142255,1298194,4413,6380,28511,1193,3290,43787
2025-10-12,368644,374266,306586,170003,133962,1353461,3650,6598,25748,1192,3230,40418
2025-10-13,392731,274862,331949,137950,123652,1261144,4578,6189,31913,1191,3239,47110
2025-10-14,384684,231416,345098,129357,123229,1213784,4554,6096,31731,1212,3250,46843
2025-10-15,427399,238766,315308,133754,128532,1243759,4474,6086,28973,1218,3241,43992
2025-10-16,401598,262934,287526,135024,122828,1209910,4719,6247,26812,1199,3277,42254
2025-10-17,436481,301136,262229,145718,128597,1274161,4816,6198,23838,1222,3238,39312
2025-10-18,391943,255238,305970,146180,131467,1230798,4422,6118,26837,1220,3381,41978
2025-10-19,425819,373320,297946,156356,140633,1394074,4002,6541,24286,1165,3215,39209
2025-10-20,417663,237482,259340,133070,127175,1174730,4714,5858,23747,1189,3390,38898
2025-10-21,393994,218626,271529,128168,117830,1130147,4533,6037,26105,1182,3077,40934
2025-10-22,422928,201798,272223,127610,114814,1139373,4652,5823,25859,1230,3064,40628
2025-10-23,416078,257494,242618,128074,118148,1162412,4611,6231,23710,1191,3169,38912
2025-10-24,416685,301060,229620,140002,121979,1209346,4681,6247,21709,1141,3112,36890
2025-10-25,376553,248332,643799,145758,134690,1549132,4242,5974,52626,1213,3225,67280
2025-10-26,407978,351236,418445,154583,126380,1458622,3962,6237,32049,1162,3107,46517
2025-10-27,381609,239962,425598,136427,112551,1296147,4662,5894,38816,1216,3137,53725
2025-10-28,369182,209282,324302,124332,117582,1144680,4303,5747,29086,1215,3217,43568
2025-10-29,393764,189634,221169,125695,112936,1043198,4706,5666,21569,1215,3092,36248
2025-10-30,374581,245560,248818,126397,104385,1099741,4461,6107,24046,1175,3121,38910
2025-10-31,396873,299938,215095,140556,69990,1122452,4708,6198,19553,1187,2902,34548
2025-11-01,364943,290166,202879,146885,75732,1080605,3818,6296,17170,1135,2576,30995
2025-11-02,384169,371322,234378,159897,79210,1228976,3606,6513,19605,1151,1767,32642
2025-11-03,384845,266436,233243,125499,76605,1086628,3989,6169,20375,1196,3099,34828
2025-11-04,355925,222348,216271,128736,130575,1053855,3908,6059,19296,1190,2941,33394
2025-11-05,375574,236414,216061,123766,105517,1057332,4102,6070,18985,1177,3032,33366
2025-11-06,393006,264448,232081,134781,115492,1139808,4057,6187,19965,1179,3071,34459
2025-11-07,410864,341652,240612,146492,128705,1268325,4072,6431,20379,1192,3179,35253
2025-11-08,375966,291608,241143,156069,123161,1187947,3640,6322,20938,1167,3215,35282
2025-11-09,429793,371504,266444,166576,120805,1355122,3726,6574,21267,1152,3109,35828
2025-11-10,407552,272608,245304,138519,122621,1186604,4143,6164,21250,1178,3132,35867
2025-11-11,369442,228122,222566,127911,114764,1062805,3878,6084,19600,1130,3104,33796
2025-11-12,407053,240310,226960,130579,121957,1126859,4131,6124,19858,1197,3080,34390
2025-11-13,386586,265908,230182,133261,109374,1125311,4031,6212,20167,1165,2987,34562
2025-11-14,393963,343174,229754,140530,113402,1220823,4020,6388,20398,1199,3094,35099
2025-11-15,466227,284862,235905,145705,120305,1253004,4312,6311,20335,1179,3189,35326
2025-11-16,479330,365674,253831,165434,129136,1393405,3912,6490,20985,1203,3054,35644
2025-11-17,474022,263304,250466,130194,120181,1238167,4518,6140,21436,1185,3171,36450
2025-11-18,420423,220572,227151,128255,114936,1111337,4307,6042,20303,1188,3116,34956
2025-11-19,457983,227698,218359,117899,108270,1130209,4289,6029,19994,1169,2909,34390
2025-11-20,456466,258802,221392,130946,115672,1183278,4186,6215,20348,1174,3209,35132
2025-11-21,475876,330204,232262,142774,120713,1301829,4411,6418,20219,1231,3118,35397
2025-11-22,438393,278558,241905,144580,124011,1227447,3813,6286,21359,1258,3139,35855
2025-11-23,492700,357708,263355,156125,112570,1382458,3751,6495,21574,1219,3112,36151
2025-11-24,410915,255830,247213,129490,118461,1161909,3953,6133,21476,1193,3111,35866
2025-11-25,351195,223804,221017,130497,106779,1033292,4083,6026,20021,1226,3086,34442
2025-11-26,320671,239234,215242,128396,107220,1010763,4297,6065,19908,1198,3004,34472
2025-11-27,392633,267922,214444,135595,108668,1119262,4133,6227,19718,1215,3123,34416
2025-11-28,624316,335968,230808,150108,111525,1452725,7496,6385,20232,1214,3083,38410
2025-11-29,515947,293846,239292,133598,104220,1286903,5629,6302,20758,1200,2984,36873
2025-11-30,587877,362486,257268,165449,123126,1496206,6472,6577,20921,1209,3102,38281
2025-12-01,452053,232730,254887,139802,103837,1183309,4829,5839,21863,1184,3106,36821
2025-12-02,409160,222120,219239,121535,103346,1075400,4768,6006,20452,1219,3090,35535
2025-12-03,452357,237560,225402,121759,107313,1144391,4778,6077,20719,1234,3076,35884
2025-12-04,444957,258248,226433,128493,71860,1129991,4761,6150,20689,1202,2863,35665
2025-12-05,471493,344682,239233,135699,102718,1293825,4907,6406,21290,1227,3109,36939
2025-12-06,441741,302686,242825,141766,119592,1248610,4508,6323,21380,1195,3159,36565
2025-12-07,496569,369518,270528,150559,100558,1387732,4102,6506,22786,1151,3091,37636
2025-12-08,466602,280038,251574,130492,70251,1198957,4835,6180,22107,1139,2817,37078
2025-12-09,436897,241418,222553,129273,63913,1094054,4692,6135,20511,1219,2748,35305
2025-12-10,497807,257394,223866,127777,138302,1245146,4939,6149,20336,1203,3020,35647
2025-12-11,477457,275826,224145,135369,124515,1237312,4951,6183,20457,1204,3170,35965
2025-12-12,501040,346444,244852,139638,119377,1351351,4972,6415,21409,1182,3162,37140
2025-12-13,477551,316638,256903,150040,134631,1335763,4716,6355,22412,1207,3321,38011
2025-12-14,514679,370982,269059,154409,95354,1404483,4228,6531,22453,1216,2935,37363
2025-12-15,505958,297724,245581,141836,88208,1279307,5051,6200,20910,1147,3035,36343
2025-12-16,472011,261906,243948,137041,140307,1255213,4894,6161,21602,1203,3316,37176
2025-12-17,516617,297492,243307,145374,129018,1331808,5053,6339,21404,1212,3335,37343
2025-12-18,514504,295682,262933,158210,236394,1467723,5034,7027,22243,1336,3573,39213
2025-12-19,542967,388118,297074,178588,230770,1637517,5092,7281,23717,1410,3539,41039
2025-12-20,556984,386968,332206,202826,263724,1742708,4883,7229,25296,1517,3611,42536
2025-12-21,544389,411982,366650,219203,283445,1825669,4378,7372,26234,1467,3672,43123
2025-12-22,589662,427038,351296,206825,285770,1860591,5209,7403,26054,1455,3652,43773
2025-12-23,575713,438126,337912,201094,274893,1827738,5086,7446,25368,1529,3599,43028
2025-12-24,588117,489988,370723,225380,248704,1922912,5220,7582,26793,1523,3329,44447
2025-12-25,529096,459224,373008,236945,267748,1866021,4256,7457,26216,1511,3493,42933
2025-12-26,500045,434802,339549,208202,262768,1745366,4804,7419,25208,1489,3615,42535
2025-12-27,497753,448342,355654,213478,271494,1786721,4696,7442,25782,1490,3709,43119
2025-12-28,569487,501614,381298,246196,286927,1985522,4422,7635,26234,1500,3712,43503
2025-12-29,513484,439482,365455,218902,264436,1801759,4883,7438,26508,1497,3659,43985
2025-12-30,480662,428790,333425,213844,248759,1705480,4613,7410,25371,1525,3397,42316
2025-12-31,430542,413818,316783,185398,216716,1563257,4149,7407,24164,1387,3236,40343
